"PassengerId1","PassengerId2","Number_Of_Flights_Together","From","To"
"1666","1696","9","2017-01-01","2017-12-31"
"391","1662","9","2017-01-01","2017-12-31"
"2550","4441","9","2017-01-01","2017-12-31"
"4541","7162","9","2017-01-01","2017-12-31"
"975","1371","9","2017-01-01","2017-12-31"
"366","752","9","2017-01-01","2017-12-31"
"7877","9252","9","2017-01-01","2017-12-31"
"5494","5500","9","2017-01-01","2017-12-31"
"701","760","9","2017-01-01","2017-12-31"
"1673","4827","9","2017-01-01","2017-12-31"
"5491","5494","9","2017-01-01","2017-12-31"
"7866","7872","9","2017-01-01","2017-12-31"
"7747","9522","9","2017-01-01","2017-12-31"
"746","1001","8","2017-01-01","2017-12-31"
"4969","4990","8","2017-01-01","2017-12-31"
"7318","8297","8","2017-01-01","2017-12-31"
"2681","2697","8","2017-01-01","2017-12-31"
"3278","5423","8","2017-01-01","2017-12-31"
"701","1095","8","2017-01-01","2017-12-31"
"3021","3090","8","2017-01-01","2017-12-31"
"8289","8353","8","2017-01-01","2017-12-31"
"1818","2783","8","2017-01-01","2017-12-31"
"724","752","8","2017-01-01","2017-12-31"
"1677","7605","8","2017-01-01","2017-12-31"
"716","746","8","2017-01-01","2017-12-31"
"724","739","8","2017-01-01","2017-12-31"
"3503","3590","8","2017-01-01","2017-12-31"
"5912","5978","8","2017-01-01","2017-12-31"
"5440","5500","8","2017-01-01","2017-12-31"
"760","1095","8","2017-01-01","2017-12-31"
"2068","7810","8","2017-01-01","2017-12-31"
"1337","2867","8","2017-01-01","2017-12-31"
"3021","9522","8","2017-01-01","2017-12-31"
"2939","4395","8","2017-01-01","2017-12-31"
"5720","5954","8","2017-01-01","2017-12-31"
"1464","1666","8","2017-01-01","2017-12-31"
"928","975","8","2017-01-01","2017-12-31"
"2939","2959","8","2017-01-01","2017-12-31"
"1447","2550","8","2017-01-01","2017-12-31"
"382","4451","8","2017-01-01","2017-12-31"
"928","1337","8","2017-01-01","2017-12-31"
"2759","4373","8","2017-01-01","2017-12-31"
"701","763","8","2017-01-01","2017-12-31"
"1715","5522","8","2017-01-01","2017-12-31"
"4404","7636","8","2017-01-01","2017-12-31"
"6113","8679","8","2017-01-01","2017-12-31"
"4316","5443","8","2017-01-01","2017-12-31"
"5101","5111","8","2017-01-01","2017-12-31"
"92","3802","8","2017-01-01","2017-12-31"
"75","11296","8","2017-01-01","2017-12-31"
"915","930","8","2017-01-01","2017-12-31"
"1337","1484","8","2017-01-01","2017-12-31"
"746","1023","8","2017-01-01","2017-12-31"
"7902","9369","8","2017-01-01","2017-12-31"
"5481","5491","8","2017-01-01","2017-12-31"
"11808","11853","8","2017-01-01","2017-12-31"
"2939","5490","8","2017-01-01","2017-12-31"
"8679","9522","8","2017-01-01","2017-12-31"
"716","751","8","2017-01-01","2017-12-31"
"794","2911","8","2017-01-01","2017-12-31"
"915","975","8","2017-01-01","2017-12-31"
"477","3120","8","2017-01-01","2017-12-31"
"1025","1026","7","2017-01-01","2017-12-31"
"859","10478","7","2017-01-01","2017-12-31"
"407","2959","7","2017-01-01","2017-12-31"
"4034","7209","7","2017-01-01","2017-12-31"
"2717","2759","7","2017-01-01","2017-12-31"
"2913","2929","7","2017-01-01","2017-12-31"
"4364","11007","7","2017-01-01","2017-12-31"
"4053","4395","7","2017-01-01","2017-12-31"
"4316","4395","7","2017-01-01","2017-12-31"
"6418","6447","7","2017-01-01","2017-12-31"
"3421","3477","7","2017-01-01","2017-12-31"
"975","2959","7","2017-01-01","2017-12-31"
"4012","4025","7","2017-01-01","2017-12-31"
"9127","11280","7","2017-01-01","2017-12-31"
"4395","4399","7","2017-01-01","2017-12-31"
"4713","6317","7","2017-01-01","2017-12-31"
"2511","4025","7","2017-01-01","2017-12-31"
"1849","2336","7","2017-01-01","2017-12-31"
"915","1314","7","2017-01-01","2017-12-31"
"2097","9752","7","2017-01-01","2017-12-31"
"2685","4972","7","2017-01-01","2017-12-31"
"3153","3356","7","2017-01-01","2017-12-31"
"9118","9127","7","2017-01-01","2017-12-31"
"1053","3421","7","2017-01-01","2017-12-31"
"915","1482","7","2017-01-01","2017-12-31"
"7373","9068","7","2017-01-01","2017-12-31"
"2717","4399","7","2017-01-01","2017-12-31"
"5481","5494","7","2017-01-01","2017-12-31"
"5411","5423","7","2017-01-01","2017-12-31"
"1001","1053","7","2017-01-01","2017-12-31"
"4011","4080","7","2017-01-01","2017-12-31"
"479","2201","7","2017-01-01","2017-12-31"
"4025","4044","7","2017-01-01","2017-12-31"
"3590","6813","7","2017-01-01","2017-12-31"
"382","7560","7","2017-01-01","2017-12-31"
"226","624","7","2017-01-01","2017-12-31"
"9649","9696","7","2017-01-01","2017-12-31"
"4009","4339","7","2017-01-01","2017-12-31"
"1378","2489","7","2017-01-01","2017-12-31"
"759","1056","7","2017-01-01","2017-12-31"
"816","866","7","2017-01-01","2017-12-31"
"3590","6707","7","2017-01-01","2017-12-31"
"1562","1678","7","2017-01-01","2017-12-31"
"751","763","7","2017-01-01","2017-12-31"
"10083","10394","7","2017-01-01","2017-12-31"
"1337","2959","7","2017-01-01","2017-12-31"
"5748","11280","7","2017-01-01","2017-12-31"
"2117","7579","7","2017-01-01","2017-12-31"
"2068","9069","7","2017-01-01","2017-12-31"
"10067","12323","7","2017-01-01","2017-12-31"
"2201","8596","7","2017-01-01","2017-12-31"
"8596","9522","7","2017-01-01","2017-12-31"
"364","724","7","2017-01-01","2017-12-31"
"7820","7866","7","2017-01-01","2017-12-31"
"975","1484","7","2017-01-01","2017-12-31"
"2201","4170","7","2017-01-01","2017-12-31"
"1548","4641","7","2017-01-01","2017-12-31"
"2941","4016","7","2017-01-01","2017-12-31"
"2776","2857","7","2017-01-01","2017-12-31"
"9954","9988","7","2017-01-01","2017-12-31"
"9540","12323","7","2017-01-01","2017-12-31"
"7039","7082","7","2017-01-01","2017-12-31"
"5481","5500","7","2017-01-01","2017-12-31"
"366","733","7","2017-01-01","2017-12-31"
"10017","10037","7","2017-01-01","2017-12-31"
"7605","7685","7","2017-01-01","2017-12-31"
"1208","6813","7","2017-01-01","2017-12-31"
"4774","10799","7","2017-01-01","2017-12-31"
"366","1056","7","2017-01-01","2017-12-31"
"5744","5798","7","2017-01-01","2017-12-31"
"6447","8596","7","2017-01-01","2017-12-31"
"763","772","7","2017-01-01","2017-12-31"
"4449","9619","7","2017-01-01","2017-12-31"
"1046","4552","7","2017-01-01","2017-12-31"
"1966","3361","7","2017-01-01","2017-12-31"
"2960","4850","7","2017-01-01","2017-12-31"
"10701","10716","7","2017-01-01","2017-12-31"
"4774","6166","7","2017-01-01","2017-12-31"
"5867","7379","7","2017-01-01","2017-12-31"
"732","1244","7","2017-01-01","2017-12-31"
"1532","2527","7","2017-01-01","2017-12-31"
"1058","1085","7","2017-01-01","2017-12-31"
"479","9522","7","2017-01-01","2017-12-31"
"4737","9421","7","2017-01-01","2017-12-31"
"4011","4066","7","2017-01-01","2017-12-31"
"3590","6447","7","2017-01-01","2017-12-31"
"5724","5769","7","2017-01-01","2017-12-31"
"975","4025","7","2017-01-01","2017-12-31"
"8562","9522","7","2017-01-01","2017-12-31"
"4607","4674","7","2017-01-01","2017-12-31"
"4388","4395","7","2017-01-01","2017-12-31"
"756","4384","7","2017-01-01","2017-12-31"
"11649","11687","7","2017-01-01","2017-12-31"
"6848","6884","7","2017-01-01","2017-12-31"
"2886","5490","7","2017-01-01","2017-12-31"
"7507","9063","7","2017-01-01","2017-12-31"
"10541","10576","7","2017-01-01","2017-12-31"
"255","3104","7","2017-01-01","2017-12-31"
"479","7747","7","2017-01-01","2017-12-31"
"4009","4399","7","2017-01-01","2017-12-31"
"2068","10509","7","2017-01-01","2017-12-31"
"4249","6813","7","2017-01-01","2017-12-31"
"4011","4025","7","2017-01-01","2017-12-31"
"360","1029","7","2017-01-01","2017-12-31"
"8202","8232","7","2017-01-01","2017-12-31"
"2294","4969","7","2017-01-01","2017-12-31"
"2959","2969","7","2017-01-01","2017-12-31"
"751","1095","7","2017-01-01","2017-12-31"
"4373","4674","7","2017-01-01","2017-12-31"
"928","4399","7","2017-01-01","2017-12-31"
"1607","1858","7","2017-01-01","2017-12-31"
"419","2488","7","2017-01-01","2017-12-31"
"1562","8579","7","2017-01-01","2017-12-31"
"1651","4082","7","2017-01-01","2017-12-31"
"2588","5101","7","2017-01-01","2017-12-31"
"4083","4339","7","2017-01-01","2017-12-31"
"11101","11143","7","2017-01-01","2017-12-31"
"2501","2556","7","2017-01-01","2017-12-31"
"4316","5481","7","2017-01-01","2017-12-31"
"191","4034","7","2017-01-01","2017-12-31"
"4025","4083","7","2017-01-01","2017-12-31"
"1466","11307","7","2017-01-01","2017-12-31"
"732","3477","7","2017-01-01","2017-12-31"
"2137","2182","7","2017-01-01","2017-12-31"
"5978","5997","7","2017-01-01","2017-12-31"
"3590","7866","7","2017-01-01","2017-12-31"
"4309","4395","7","2017-01-01","2017-12-31"
"740","772","7","2017-01-01","2017-12-31"
"1002","1073","7","2017-01-01","2017-12-31"
"3029","4650","7","2017-01-01","2017-12-31"
"4611","4665","7","2017-01-01","2017-12-31"
"928","2511","7","2017-01-01","2017-12-31"
"724","760","7","2017-01-01","2017-12-31"
"7721","12323","7","2017-01-01","2017-12-31"
"1001","1023","7","2017-01-01","2017-12-31"
"716","772","7","2017-01-01","2017-12-31"
"701","724","7","2017-01-01","2017-12-31"
"2511","4053","7","2017-01-01","2017-12-31"
"4011","4017","7","2017-01-01","2017-12-31"
"374","752","7","2017-01-01","2017-12-31"
"2759","5491","7","2017-01-01","2017-12-31"
"701","751","7","2017-01-01","2017-12-31"
"2223","2441","7","2017-01-01","2017-12-31"
"5668","8158","7","2017-01-01","2017-12-31"
"5792","5946","7","2017-01-01","2017-12-31"
"2294","5491","7","2017-01-01","2017-12-31"
"1766","2905","7","2017-01-01","2017-12-31"
"3503","7866","7","2017-01-01","2017-12-31"
"7209","10798","7","2017-01-01","2017-12-31"
"1624","2975","7","2017-01-01","2017-12-31"
"928","1484","7","2017-01-01","2017-12-31"
"293","1287","7","2017-01-01","2017-12-31"
"366","739","7","2017-01-01","2017-12-31"
"716","760","7","2017-01-01","2017-12-31"
"772","1001","7","2017-01-01","2017-12-31"
"4451","7560","7","2017-01-01","2017-12-31"
"4917","10022","7","2017-01-01","2017-12-31"
"749","1026","7","2017-01-01","2017-12-31"
"3590","4249","7","2017-01-01","2017-12-31"
"1651","4285","7","2017-01-01","2017-12-31"
"4025","4316","7","2017-01-01","2017-12-31"
"701","746","7","2017-01-01","2017-12-31"
"1677","5482","7","2017-01-01","2017-12-31"
"1482","2783","7","2017-01-01","2017-12-31"
"8073","8093","7","2017-01-01","2017-12-31"
"724","740","7","2017-01-01","2017-12-31"
"749","750","7","2017-01-01","2017-12-31"
"2258","3513","7","2017-01-01","2017-12-31"
"3090","9522","7","2017-01-01","2017-12-31"
"1696","2783","7","2017-01-01","2017-12-31"
"1351","1377","7","2017-01-01","2017-12-31"
"1314","1337","7","2017-01-01","2017-12-31"
"731","774","7","2017-01-01","2017-12-31"
"5420","5467","7","2017-01-01","2017-12-31"
"311","1850","7","2017-01-01","2017-12-31"
"10017","10083","7","2017-01-01","2017-12-31"
"749","758","7","2017-01-01","2017-12-31"
"6824","6885","7","2017-01-01","2017-12-31"
"2588","12323","7","2017-01-01","2017-12-31"
"6012","6070","7","2017-01-01","2017-12-31"
"4009","4083","7","2017-01-01","2017-12-31"
"4017","4044","7","2017-01-01","2017-12-31"
"12323","12338","7","2017-01-01","2017-12-31"
"247","3188","7","2017-01-01","2017-12-31"
"5380","13731","7","2017-01-01","2017-12-31"
"746","772","7","2017-01-01","2017-12-31"
"5724","5761","7","2017-01-01","2017-12-31"
"915","2959","7","2017-01-01","2017-12-31"
"752","772","7","2017-01-01","2017-12-31"
"6560","8260","7","2017-01-01","2017-12-31"
"14018","14060","7","2017-01-01","2017-12-31"
"712","749","7","2017-01-01","2017-12-31"
"4451","10719","7","2017-01-01","2017-12-31"
"3937","5467","7","2017-01-01","2017-12-31"
"1498","2728","7","2017-01-01","2017-12-31"
"751","760","7","2017-01-01","2017-12-31"
"4011","4339","7","2017-01-01","2017-12-31"
"5443","5494","7","2017-01-01","2017-12-31"
"739","746","7","2017-01-01","2017-12-31"
"6560","8262","7","2017-01-01","2017-12-31"
"288","1678","7","2017-01-01","2017-12-31"
"2717","2759","7","2017-01-01","2017-12-31"
"8562","8584","7","2017-01-01","2017-12-31"
"5711","5755","7","2017-01-01","2017-12-31"
"1056","1095","7","2017-01-01","2017-12-31"
"4523","5434","7","2017-01-01","2017-12-31"
"6777","11296","7","2017-01-01","2017-12-31"
"2886","5795","7","2017-01-01","2017-12-31"
"5423","7039","7","2017-01-01","2017-12-31"
"2717","4373","7","2017-01-01","2017-12-31"
"716","724","7","2017-01-01","2017-12-31"
"7605","8353","7","2017-01-01","2017-12-31"
"915","928","7","2017-01-01","2017-12-31"
"1337","2969","7","2017-01-01","2017-12-31"
"1272","2556","7","2017-01-01","2017-12-31"
"4025","4399","7","2017-01-01","2017-12-31"
"3503","6813","7","2017-01-01","2017-12-31"
"9057","9069","7","2017-01-01","2017-12-31"
"4249","10373","7","2017-01-01","2017-12-31"
"1884","4990","7","2017-01-01","2017-12-31"
"4235","5416","7","2017-01-01","2017-12-31"
"2867","4399","7","2017-01-01","2017-12-31"
"5590","6294","7","2017-01-01","2017-12-31"
"1484","2511","7","2017-01-01","2017-12-31"
"1208","3093","7","2017-01-01","2017-12-31"
"6016","6069","7","2017-01-01","2017-12-31"
"2701","4650","7","2017-01-01","2017-12-31"
"4200","6205","7","2017-01-01","2017-12-31"
"2939","2969","7","2017-01-01","2017-12-31"
"4147","8084","7","2017-01-01","2017-12-31"
"915","2939","7","2017-01-01","2017-12-31"
"5423","8158","7","2017-01-01","2017-12-31"
"479","6113","7","2017-01-01","2017-12-31"
"3507","3575","7","2017-01-01","2017-12-31"
"10371","10396","7","2017-01-01","2017-12-31"
"5055","6013","7","2017-01-01","2017-12-31"
"2401","3472","7","2017-01-01","2017-12-31"
"9258","10350","7","2017-01-01","2017-12-31"
"1146","1160","7","2017-01-01","2017-12-31"
"2776","5411","7","2017-01-01","2017-12-31"
"4013","4025","7","2017-01-01","2017-12-31"
"5081","9539","7","2017-01-01","2017-12-31"
"4316","5491","7","2017-01-01","2017-12-31"
"913","961","7","2017-01-01","2017-12-31"
"716","1053","7","2017-01-01","2017-12-31"
"362","368","7","2017-01-01","2017-12-31"
"2816","2857","7","2017-01-01","2017-12-31"
"5867","8590","7","2017-01-01","2017-12-31"
"4025","4080","7","2017-01-01","2017-12-31"
"4025","4395","7","2017-01-01","2017-12-31"
"2926","3590","7","2017-01-01","2017-12-31"
"760","763","7","2017-01-01","2017-12-31"
"11099","13620","7","2017-01-01","2017-12-31"
"749","751","7","2017-01-01","2017-12-31"
"3580","3588","7","2017-01-01","2017-12-31"
"8326","8961","6","2017-01-01","2017-12-31"
"1646","7685","6","2017-01-01","2017-12-31"
"950","2734","6","2017-01-01","2017-12-31"
"610","650","6","2017-01-01","2017-12-31"
"2160","6072","6","2017-01-01","2017-12-31"
"5544","5546","6","2017-01-01","2017-12-31"
"8119","8167","6","2017-01-01","2017-12-31"
"3180","4483","6","2017-01-01","2017-12-31"
"1884","4969","6","2017-01-01","2017-12-31"
"915","2969","6","2017-01-01","2017-12-31"
"5412","5431","6","2017-01-01","2017-12-31"
"4316","4388","6","2017-01-01","2017-12-31"
"5708","5792","6","2017-01-01","2017-12-31"
"3665","11807","6","2017-01-01","2017-12-31"
"8501","10509","6","2017-01-01","2017-12-31"
"953","6084","6","2017-01-01","2017-12-31"
"4399","5456","6","2017-01-01","2017-12-31"
"10328","10331","6","2017-01-01","2017-12-31"
"724","772","6","2017-01-01","2017-12-31"
"165","3615","6","2017-01-01","2017-12-31"
"9482","9822","6","2017-01-01","2017-12-31"
"726","737","6","2017-01-01","2017-12-31"
"915","1666","6","2017-01-01","2017-12-31"
"5741","5758","6","2017-01-01","2017-12-31"
"288","2683","6","2017-01-01","2017-12-31"
"4451","5093","6","2017-01-01","2017-12-31"
"2728","2781","6","2017-01-01","2017-12-31"
"7948","8042","6","2017-01-01","2017-12-31"
"10310","10702","6","2017-01-01","2017-12-31"
"2032","4717","6","2017-01-01","2017-12-31"
"288","1343","6","2017-01-01","2017-12-31"
"9752","9828","6","2017-01-01","2017-12-31"
"292","763","6","2017-01-01","2017-12-31"
"288","3801","6","2017-01-01","2017-12-31"
"211","8961","6","2017-01-01","2017-12-31"
"6783","9828","6","2017-01-01","2017-12-31"
"272","3905","6","2017-01-01","2017-12-31"
"11817","11883","6","2017-01-01","2017-12-31"
"4070","5021","6","2017-01-01","2017-12-31"
"6030","9049","6","2017-01-01","2017-12-31"
"6523","9987","6","2017-01-01","2017-12-31"
"3503","3590","6","2017-01-01","2017-12-31"
"2945","4774","6","2017-01-01","2017-12-31"
"3953","5757","6","2017-01-01","2017-12-31"
"4010","10016","6","2017-01-01","2017-12-31"
"4700","5490","6","2017-01-01","2017-12-31"
"930","4013","6","2017-01-01","2017-12-31"
"3576","6096","6","2017-01-01","2017-12-31"
"6824","6832","6","2017-01-01","2017-12-31"
"4388","4399","6","2017-01-01","2017-12-31"
"2841","4774","6","2017-01-01","2017-12-31"
"9777","10661","6","2017-01-01","2017-12-31"
"8190","8289","6","2017-01-01","2017-12-31"
"10430","10439","6","2017-01-01","2017-12-31"
"288","942","6","2017-01-01","2017-12-31"
"2233","2298","6","2017-01-01","2017-12-31"
"10767","11871","6","2017-01-01","2017-12-31"
"8969","8995","6","2017-01-01","2017-12-31"
"2886","5989","6","2017-01-01","2017-12-31"
"1966","2000","6","2017-01-01","2017-12-31"
"2110","2160","6","2017-01-01","2017-12-31"
"4444","6084","6","2017-01-01","2017-12-31"
"2926","3503","6","2017-01-01","2017-12-31"
"4774","6560","6","2017-01-01","2017-12-31"
"2223","2295","6","2017-01-01","2017-12-31"
"1865","4990","6","2017-01-01","2017-12-31"
"1769","7373","6","2017-01-01","2017-12-31"
"6908","6927","6","2017-01-01","2017-12-31"
"8529","11834","6","2017-01-01","2017-12-31"
"764","1013","6","2017-01-01","2017-12-31"
"441","3330","6","2017-01-01","2017-12-31"
"1389","5668","6","2017-01-01","2017-12-31"
"4025","4053","6","2017-01-01","2017-12-31"
"4053","4399","6","2017-01-01","2017-12-31"
"2717","6001","6","2017-01-01","2017-12-31"
"407","915","6","2017-01-01","2017-12-31"
"4016","4059","6","2017-01-01","2017-12-31"
"2175","2197","6","2017-01-01","2017-12-31"
"4013","4388","6","2017-01-01","2017-12-31"
"928","2939","6","2017-01-01","2017-12-31"
"763","795","6","2017-01-01","2017-12-31"
"2945","8262","6","2017-01-01","2017-12-31"
"10373","10394","6","2017-01-01","2017-12-31"
"1762","8912","6","2017-01-01","2017-12-31"
"2988","4344","6","2017-01-01","2017-12-31"
"147","4178","6","2017-01-01","2017-12-31"
"13822","13848","6","2017-01-01","2017-12-31"
"3512","3545","6","2017-01-01","2017-12-31"
"392","1849","6","2017-01-01","2017-12-31"
"5525","5589","6","2017-01-01","2017-12-31"
"1666","2511","6","2017-01-01","2017-12-31"
"1464","5459","6","2017-01-01","2017-12-31"
"3590","8961","6","2017-01-01","2017-12-31"
"2108","2117","6","2017-01-01","2017-12-31"
"5720","5771","6","2017-01-01","2017-12-31"
"620","8644","6","2017-01-01","2017-12-31"
"2973","8363","6","2017-01-01","2017-12-31"
"2504","7506","6","2017-01-01","2017-12-31"
"733","755","6","2017-01-01","2017-12-31"
"1484","2759","6","2017-01-01","2017-12-31"
"1562","7801","6","2017-01-01","2017-12-31"
"1208","5789","6","2017-01-01","2017-12-31"
"2090","3028","6","2017-01-01","2017-12-31"
"3525","3585","6","2017-01-01","2017-12-31"
"7820","7872","6","2017-01-01","2017-12-31"
"5634","6733","6","2017-01-01","2017-12-31"
"4316","4373","6","2017-01-01","2017-12-31"
"4339","4388","6","2017-01-01","2017-12-31"
"2945","3187","6","2017-01-01","2017-12-31"
"10727","10737","6","2017-01-01","2017-12-31"
"2911","2988","6","2017-01-01","2017-12-31"
"1023","1056","6","2017-01-01","2017-12-31"
"11853","11868","6","2017-01-01","2017-12-31"
"709","739","6","2017-01-01","2017-12-31"
"926","9366","6","2017-01-01","2017-12-31"
"4881","8803","6","2017-01-01","2017-12-31"
"2482","3278","6","2017-01-01","2017-12-31"
"4399","7540","6","2017-01-01","2017-12-31"
"4017","4353","6","2017-01-01","2017-12-31"
"904","938","6","2017-01-01","2017-12-31"
"191","382","6","2017-01-01","2017-12-31"
"10322","10349","6","2017-01-01","2017-12-31"
"7685","8353","6","2017-01-01","2017-12-31"
"8904","8983","6","2017-01-01","2017-12-31"
"165","3609","6","2017-01-01","2017-12-31"
"6100","8411","6","2017-01-01","2017-12-31"
"13249","13296","6","2017-01-01","2017-12-31"
"1963","1982","6","2017-01-01","2017-12-31"
"2354","8729","6","2017-01-01","2017-12-31"
"5740","5742","6","2017-01-01","2017-12-31"
"5509","7866","6","2017-01-01","2017-12-31"
"10756","10799","6","2017-01-01","2017-12-31"
"309","385","6","2017-01-01","2017-12-31"
"1208","7662","6","2017-01-01","2017-12-31"
"313","385","6","2017-01-01","2017-12-31"
"2759","2867","6","2017-01-01","2017-12-31"
"8326","8373","6","2017-01-01","2017-12-31"
"2150","4142","6","2017-01-01","2017-12-31"
"1206","1288","6","2017-01-01","2017-12-31"
"3703","6293","6","2017-01-01","2017-12-31"
"876","888","6","2017-01-01","2017-12-31"
"6447","10616","6","2017-01-01","2017-12-31"
"4184","7733","6","2017-01-01","2017-12-31"
"4009","4066","6","2017-01-01","2017-12-31"
"4009","4044","6","2017-01-01","2017-12-31"
"6729","7209","6","2017-01-01","2017-12-31"
"356","10067","6","2017-01-01","2017-12-31"
"6447","8562","6","2017-01-01","2017-12-31"
"10756","10798","6","2017-01-01","2017-12-31"
"3309","8539","6","2017-01-01","2017-12-31"
"709","752","6","2017-01-01","2017-12-31"
"8260","10727","6","2017-01-01","2017-12-31"
"3418","6447","6","2017-01-01","2017-12-31"
"2068","2408","6","2017-01-01","2017-12-31"
"5423","5481","6","2017-01-01","2017-12-31"
"9904","9985","6","2017-01-01","2017-12-31"
"928","4316","6","2017-01-01","2017-12-31"
"479","8679","6","2017-01-01","2017-12-31"
"4066","4083","6","2017-01-01","2017-12-31"
"441","7868","6","2017-01-01","2017-12-31"
"5411","7662","6","2017-01-01","2017-12-31"
"1822","1849","6","2017-01-01","2017-12-31"
"3361","11276","6","2017-01-01","2017-12-31"
"2532","4584","6","2017-01-01","2017-12-31"
"4541","10128","6","2017-01-01","2017-12-31"
"749","774","6","2017-01-01","2017-12-31"
"8196","11571","6","2017-01-01","2017-12-31"
"10716","11883","6","2017-01-01","2017-12-31"
"2960","7799","6","2017-01-01","2017-12-31"
"4011","4013","6","2017-01-01","2017-12-31"
"438","1619","6","2017-01-01","2017-12-31"
"4040","4376","6","2017-01-01","2017-12-31"
"740","1095","6","2017-01-01","2017-12-31"
"4011","4309","6","2017-01-01","2017-12-31"
"2789","2867","6","2017-01-01","2017-12-31"
"8810","8871","6","2017-01-01","2017-12-31"
"1078","6003","6","2017-01-01","2017-12-31"
"624","9532","6","2017-01-01","2017-12-31"
"2231","4034","6","2017-01-01","2017-12-31"
"6061","6067","6","2017-01-01","2017-12-31"
"2939","5989","6","2017-01-01","2017-12-31"
"928","2759","6","2017-01-01","2017-12-31"
"2201","3021","6","2017-01-01","2017-12-31"
"1982","5383","6","2017-01-01","2017-12-31"
"6052","6100","6","2017-01-01","2017-12-31"
"3330","8190","6","2017-01-01","2017-12-31"
"1982","5096","6","2017-01-01","2017-12-31"
"205","255","6","2017-01-01","2017-12-31"
"7114","7194","6","2017-01-01","2017-12-31"
"1029","1031","6","2017-01-01","2017-12-31"
"901","2906","6","2017-01-01","2017-12-31"
"3544","3576","6","2017-01-01","2017-12-31"
"364","1023","6","2017-01-01","2017-12-31"
"915","1484","6","2017-01-01","2017-12-31"
"904","2922","6","2017-01-01","2017-12-31"
"7662","7872","6","2017-01-01","2017-12-31"
"391","9988","6","2017-01-01","2017-12-31"
"8260","8262","6","2017-01-01","2017-12-31"
"2667","2674","6","2017-01-01","2017-12-31"
"10762","10767","6","2017-01-01","2017-12-31"
"2001","2460","6","2017-01-01","2017-12-31"
"11438","11719","6","2017-01-01","2017-12-31"
"7560","7898","6","2017-01-01","2017-12-31"
"364","746","6","2017-01-01","2017-12-31"
"3020","4606","6","2017-01-01","2017-12-31"
"4025","4052","6","2017-01-01","2017-12-31"
"2225","2271","6","2017-01-01","2017-12-31"
"2111","2137","6","2017-01-01","2017-12-31"
"2062","2458","6","2017-01-01","2017-12-31"
"855","9282","6","2017-01-01","2017-12-31"
"6824","6836","6","2017-01-01","2017-12-31"
"5683","9619","6","2017-01-01","2017-12-31"
"10346","10368","6","2017-01-01","2017-12-31"
"746","760","6","2017-01-01","2017-12-31"
"11914","11965","6","2017-01-01","2017-12-31"
"3590","7605","6","2017-01-01","2017-12-31"
"1544","3440","6","2017-01-01","2017-12-31"
"4609","4988","6","2017-01-01","2017-12-31"
"1994","6720","6","2017-01-01","2017-12-31"
"556","7507","6","2017-01-01","2017-12-31"
"4032","4092","6","2017-01-01","2017-12-31"
"5720","5744","6","2017-01-01","2017-12-31"
"419","2269","6","2017-01-01","2017-12-31"
"5440","5443","6","2017-01-01","2017-12-31"
"4025","4063","6","2017-01-01","2017-12-31"
"867","3707","6","2017-01-01","2017-12-31"
"2759","2773","6","2017-01-01","2017-12-31"
"4012","4083","6","2017-01-01","2017-12-31"
"2485","2497","6","2017-01-01","2017-12-31"
"3536","5233","6","2017-01-01","2017-12-31"
"1464","1696","6","2017-01-01","2017-12-31"
"716","755","6","2017-01-01","2017-12-31"
"8906","8976","6","2017-01-01","2017-12-31"
"8979","8983","6","2017-01-01","2017-12-31"
"701","760","6","2017-01-01","2017-12-31"
"3802","7810","6","2017-01-01","2017-12-31"
"355","360","6","2017-01-01","2017-12-31"
"6870","6897","6","2017-01-01","2017-12-31"
"606","625","6","2017-01-01","2017-12-31"
"4016","4025","6","2017-01-01","2017-12-31"
"8411","8485","6","2017-01-01","2017-12-31"
"2068","13492","6","2017-01-01","2017-12-31"
"2728","2792","6","2017-01-01","2017-12-31"
"1554","3293","6","2017-01-01","2017-12-31"
"1158","4761","6","2017-01-01","2017-12-31"
"4820","6729","6","2017-01-01","2017-12-31"
"477","6874","6","2017-01-01","2017-12-31"
"324","328","6","2017-01-01","2017-12-31"
"3689","3700","6","2017-01-01","2017-12-31"
"5949","5989","6","2017-01-01","2017-12-31"
"1337","4053","6","2017-01-01","2017-12-31"
"2861","8268","6","2017-01-01","2017-12-31"
"9046","9480","6","2017-01-01","2017-12-31"
"10764","10778","6","2017-01-01","2017-12-31"
"4339","5414","6","2017-01-01","2017-12-31"
"5410","5483","6","2017-01-01","2017-12-31"
"7641","7693","6","2017-01-01","2017-12-31"
"1041","2489","6","2017-01-01","2017-12-31"
"3590","5482","6","2017-01-01","2017-12-31"
"5423","6750","6","2017-01-01","2017-12-31"
"1635","1677","6","2017-01-01","2017-12-31"
"5116","6111","6","2017-01-01","2017-12-31"
"5096","9665","6","2017-01-01","2017-12-31"
"975","4042","6","2017-01-01","2017-12-31"
"4957","6067","6","2017-01-01","2017-12-31"
"1637","8729","6","2017-01-01","2017-12-31"
"6447","6813","6","2017-01-01","2017-12-31"
"2926","6813","6","2017-01-01","2017-12-31"
"4165","9049","6","2017-01-01","2017-12-31"
"1733","6507","6","2017-01-01","2017-12-31"
"364","1001","6","2017-01-01","2017-12-31"
"7098","8266","6","2017-01-01","2017-12-31"
"3028","3064","6","2017-01-01","2017-12-31"
"4339","4364","6","2017-01-01","2017-12-31"
"752","1056","6","2017-01-01","2017-12-31"
"8137","8171","6","2017-01-01","2017-12-31"
"4467","4496","6","2017-01-01","2017-12-31"
"215","3123","6","2017-01-01","2017-12-31"
"2713","9956","6","2017-01-01","2017-12-31"
"2097","9828","6","2017-01-01","2017-12-31"
"1053","3477","6","2017-01-01","2017-12-31"
"2411","2446","6","2017-01-01","2017-12-31"
"4053","4316","6","2017-01-01","2017-12-31"
"928","1696","6","2017-01-01","2017-12-31"
"734","760","6","2017-01-01","2017-12-31"
"1710","2159","6","2017-01-01","2017-12-31"
"3665","10365","6","2017-01-01","2017-12-31"
"6884","6885","6","2017-01-01","2017-12-31"
"2024","2945","6","2017-01-01","2017-12-31"
"3513","3529","6","2017-01-01","2017-12-31"
"4607","4942","6","2017-01-01","2017-12-31"
"5707","6936","6","2017-01-01","2017-12-31"
"4034","10786","6","2017-01-01","2017-12-31"
"6855","6897","6","2017-01-01","2017-12-31"
"501","10762","6","2017-01-01","2017-12-31"
"2620","3994","6","2017-01-01","2017-12-31"
"2773","6096","6","2017-01-01","2017-12-31"
"5332","7877","6","2017-01-01","2017-12-31"
"3153","7505","6","2017-01-01","2017-12-31"
"407","2789","6","2017-01-01","2017-12-31"
"1484","4399","6","2017-01-01","2017-12-31"
"9369","9395","6","2017-01-01","2017-12-31"
"5544","10377","6","2017-01-01","2017-12-31"
"13221","13296","6","2017-01-01","2017-12-31"
"731","749","6","2017-01-01","2017-12-31"
"4661","4686","6","2017-01-01","2017-12-31"
"5016","11007","6","2017-01-01","2017-12-31"
"10702","10719","6","2017-01-01","2017-12-31"
"517","10757","6","2017-01-01","2017-12-31"
"1666","4339","6","2017-01-01","2017-12-31"
"6800","12531","6","2017-01-01","2017-12-31"
"4550","7629","6","2017-01-01","2017-12-31"
"6017","6096","6","2017-01-01","2017-12-31"
"366","755","6","2017-01-01","2017-12-31"
"7721","13221","6","2017-01-01","2017-12-31"
"1484","4042","6","2017-01-01","2017-12-31"
"4399","5490","6","2017-01-01","2017-12-31"
"8007","8089","6","2017-01-01","2017-12-31"
"2857","4249","6","2017-01-01","2017-12-31"
"7788","7789","6","2017-01-01","2017-12-31"
"12323","13221","6","2017-01-01","2017-12-31"
"3295","3670","6","2017-01-01","2017-12-31"
"7832","9600","6","2017-01-01","2017-12-31"
"6805","7810","6","2017-01-01","2017-12-31"
"3343","4319","6","2017-01-01","2017-12-31"
"3356","7810","6","2017-01-01","2017-12-31"
"497","2354","6","2017-01-01","2017-12-31"
"3361","11296","6","2017-01-01","2017-12-31"
"9505","9517","6","2017-01-01","2017-12-31"
"2545","8594","6","2017-01-01","2017-12-31"
"6036","8045","6","2017-01-01","2017-12-31"
"1828","2781","6","2017-01-01","2017-12-31"
"5596","6418","6","2017-01-01","2017-12-31"
"241","2117","6","2017-01-01","2017-12-31"
"3123","3180","6","2017-01-01","2017-12-31"
"1766","2988","6","2017-01-01","2017-12-31"
"3844","9601","6","2017-01-01","2017-12-31"
"1337","1955","6","2017-01-01","2017-12-31"
"1548","1572","6","2017-01-01","2017-12-31"
"92","4283","6","2017-01-01","2017-12-31"
"2247","2262","6","2017-01-01","2017-12-31"
"5404","5412","6","2017-01-01","2017-12-31"
"1903","3370","6","2017-01-01","2017-12-31"
"95","1635","6","2017-01-01","2017-12-31"
"724","1023","6","2017-01-01","2017-12-31"
"9421","11280","6","2017-01-01","2017-12-31"
"3278","3300","6","2017-01-01","2017-12-31"
"802","831","6","2017-01-01","2017-12-31"
"2068","2097","6","2017-01-01","2017-12-31"
"942","2185","6","2017-01-01","2017-12-31"
"9331","9385","6","2017-01-01","2017-12-31"
"9622","9693","6","2017-01-01","2017-12-31"
"11101","11176","6","2017-01-01","2017-12-31"
"2243","12248","6","2017-01-01","2017-12-31"
"1822","10716","6","2017-01-01","2017-12-31"
"4983","6418","6","2017-01-01","2017-12-31"
"8158","9874","6","2017-01-01","2017-12-31"
"1329","7832","6","2017-01-01","2017-12-31"
"1276","4235","6","2017-01-01","2017-12-31"
"477","5491","6","2017-01-01","2017-12-31"
"5526","5544","6","2017-01-01","2017-12-31"
"3414","3491","6","2017-01-01","2017-12-31"
"12299","13637","6","2017-01-01","2017-12-31"
"5002","6823","6","2017-01-01","2017-12-31"
"719","731","6","2017-01-01","2017-12-31"
"624","670","6","2017-01-01","2017-12-31"
"3090","6113","6","2017-01-01","2017-12-31"
"759","772","6","2017-01-01","2017-12-31"
"4309","4339","6","2017-01-01","2017-12-31"
"8017","8519","6","2017-01-01","2017-12-31"
"4275","5356","6","2017-01-01","2017-12-31"
"736","7098","6","2017-01-01","2017-12-31"
"4135","4139","6","2017-01-01","2017-12-31"
"5503","5522","6","2017-01-01","2017-12-31"
"910","979","6","2017-01-01","2017-12-31"
"5482","7866","6","2017-01-01","2017-12-31"
"12323","13296","6","2017-01-01","2017-12-31"
"703","737","6","2017-01-01","2017-12-31"
"997","2993","6","2017-01-01","2017-12-31"
"4468","7662","6","2017-01-01","2017-12-31"
"1747","10089","6","2017-01-01","2017-12-31"
"8014","9810","6","2017-01-01","2017-12-31"
"2886","5911","6","2017-01-01","2017-12-31"
"5443","5491","6","2017-01-01","2017-12-31"
"4011","4083","6","2017-01-01","2017-12-31"
"211","6084","6","2017-01-01","2017-12-31"
"605","659","6","2017-01-01","2017-12-31"
"2773","4990","6","2017-01-01","2017-12-31"
"4674","6064","6","2017-01-01","2017-12-31"
"255","3123","6","2017-01-01","2017-12-31"
"7868","8353","6","2017-01-01","2017-12-31"
"130","2437","6","2017-01-01","2017-12-31"
"4042","4080","6","2017-01-01","2017-12-31"
"2437","2467","6","2017-01-01","2017-12-31"
"2437","2458","6","2017-01-01","2017-12-31"
"2554","3104","6","2017-01-01","2017-12-31"
"2867","2969","6","2017-01-01","2017-12-31"
"1482","2717","6","2017-01-01","2017-12-31"
"3249","9049","6","2017-01-01","2017-12-31"
"5720","5798","6","2017-01-01","2017-12-31"
"2759","4399","6","2017-01-01","2017-12-31"
"13221","13249","6","2017-01-01","2017-12-31"
"5964","5977","6","2017-01-01","2017-12-31"
"11923","11939","6","2017-01-01","2017-12-31"
"1219","1261","6","2017-01-01","2017-12-31"
"975","2759","6","2017-01-01","2017-12-31"
"360","362","6","2017-01-01","2017-12-31"
"5907","5919","6","2017-01-01","2017-12-31"
"4316","4353","6","2017-01-01","2017-12-31"
"299","650","6","2017-01-01","2017-12-31"
"10833","10899","6","2017-01-01","2017-12-31"
"1684","2504","6","2017-01-01","2017-12-31"
"1532","3421","6","2017-01-01","2017-12-31"
"7593","11571","6","2017-01-01","2017-12-31"
"2759","4316","6","2017-01-01","2017-12-31"
"7810","9069","6","2017-01-01","2017-12-31"
"11450","11686","6","2017-01-01","2017-12-31"
"809","826","6","2017-01-01","2017-12-31"
"8948","8960","6","2017-01-01","2017-12-31"
"392","1637","6","2017-01-01","2017-12-31"
"8920","8995","6","2017-01-01","2017-12-31"
"5538","10850","6","2017-01-01","2017-12-31"
"2545","3665","6","2017-01-01","2017-12-31"
"1432","2857","6","2017-01-01","2017-12-31"
"7007","11014","6","2017-01-01","2017-12-31"
"5491","6063","6","2017-01-01","2017-12-31"
"1646","7662","6","2017-01-01","2017-12-31"
"5530","7677","6","2017-01-01","2017-12-31"
"10702","10767","6","2017-01-01","2017-12-31"
"2759","4316","6","2017-01-01","2017-12-31"
"11472","11946","6","2017-01-01","2017-12-31"
"2076","7612","6","2017-01-01","2017-12-31"
"975","2939","6","2017-01-01","2017-12-31"
"92","6084","6","2017-01-01","2017-12-31"
"915","2789","6","2017-01-01","2017-12-31"
"1484","2969","6","2017-01-01","2017-12-31"
"1696","4011","6","2017-01-01","2017-12-31"
"4052","4053","6","2017-01-01","2017-12-31"
"4070","11871","6","2017-01-01","2017-12-31"
"5096","10716","6","2017-01-01","2017-12-31"
"733","740","6","2017-01-01","2017-12-31"
"701","716","6","2017-01-01","2017-12-31"
"1646","3735","6","2017-01-01","2017-12-31"
"6853","6854","6","2017-01-01","2017-12-31"
"5720","5724","6","2017-01-01","2017-12-31"
"822","4556","6","2017-01-01","2017-12-31"
"1677","4249","6","2017-01-01","2017-12-31"
"7810","10377","6","2017-01-01","2017-12-31"
"7605","7866","6","2017-01-01","2017-12-31"
"3330","7820","6","2017-01-01","2017-12-31"
"2867","4395","6","2017-01-01","2017-12-31"
"4080","4083","6","2017-01-01","2017-12-31"
"4316","5440","6","2017-01-01","2017-12-31"
"1056","1057","6","2017-01-01","2017-12-31"
"2773","4607","6","2017-01-01","2017-12-31"
"7774","7790","6","2017-01-01","2017-12-31"
"3188","3421","6","2017-01-01","2017-12-31"
"9540","13564","6","2017-01-01","2017-12-31"
"167","10899","6","2017-01-01","2017-12-31"
"1332","2905","6","2017-01-01","2017-12-31"
"2927","5693","6","2017-01-01","2017-12-31"
"3104","3123","6","2017-01-01","2017-12-31"
"1276","4494","6","2017-01-01","2017-12-31"
"5412","5429","6","2017-01-01","2017-12-31"
"7209","10762","6","2017-01-01","2017-12-31"
"2759","5500","6","2017-01-01","2017-12-31"
"1146","3147","6","2017-01-01","2017-12-31"
"1001","1056","6","2017-01-01","2017-12-31"
"7846","8529","6","2017-01-01","2017-12-31"
"13627","13638","6","2017-01-01","2017-12-31"
"1464","11917","6","2017-01-01","2017-12-31"
"4468","5509","6","2017-01-01","2017-12-31"
"5431","5448","6","2017-01-01","2017-12-31"
"391","4646","6","2017-01-01","2017-12-31"
"8290","10350","6","2017-01-01","2017-12-31"
"4364","5016","6","2017-01-01","2017-12-31"
"2759","5481","6","2017-01-01","2017-12-31"
"4468","8158","6","2017-01-01","2017-12-31"
"3356","7505","6","2017-01-01","2017-12-31"
"3609","3637","6","2017-01-01","2017-12-31"
"2759","5443","6","2017-01-01","2017-12-31"
"3237","3443","6","2017-01-01","2017-12-31"
"915","4013","6","2017-01-01","2017-12-31"
"10373","10397","6","2017-01-01","2017-12-31"
"9954","9992","6","2017-01-01","2017-12-31"
"333","1581","6","2017-01-01","2017-12-31"
"1378","6548","6","2017-01-01","2017-12-31"
"746","1095","6","2017-01-01","2017-12-31"
"1447","4441","6","2017-01-01","2017-12-31"
"2294","6017","6","2017-01-01","2017-12-31"
"839","4606","6","2017-01-01","2017-12-31"
"1772","7327","6","2017-01-01","2017-12-31"
"1576","2655","6","2017-01-01","2017-12-31"
"628","12841","6","2017-01-01","2017-12-31"
"8584","8596","6","2017-01-01","2017-12-31"
"4632","5450","6","2017-01-01","2017-12-31"
"1320","4744","6","2017-01-01","2017-12-31"
"928","4395","6","2017-01-01","2017-12-31"
"4080","4399","6","2017-01-01","2017-12-31"
"8222","8295","6","2017-01-01","2017-12-31"
"746","1053","6","2017-01-01","2017-12-31"
"5423","8297","6","2017-01-01","2017-12-31"
"5910","5911","6","2017-01-01","2017-12-31"
"2905","2988","6","2017-01-01","2017-12-31"
"8209","8289","6","2017-01-01","2017-12-31"
"8040","11939","6","2017-01-01","2017-12-31"
"7507","11275","6","2017-01-01","2017-12-31"
"3021","3078","6","2017-01-01","2017-12-31"
"4011","4364","6","2017-01-01","2017-12-31"
"4609","4656","6","2017-01-01","2017-12-31"
"4990","5491","6","2017-01-01","2017-12-31"
"324","761","6","2017-01-01","2017-12-31"
"10767","12516","6","2017-01-01","2017-12-31"
"4016","4059","6","2017-01-01","2017-12-31"
"7318","7770","6","2017-01-01","2017-12-31"
"3937","4641","6","2017-01-01","2017-12-31"
"8838","9227","6","2017-01-01","2017-12-31"
"3777","6937","6","2017-01-01","2017-12-31"
"833","888","6","2017-01-01","2017-12-31"
"7253","7291","6","2017-01-01","2017-12-31"
"736","7579","6","2017-01-01","2017-12-31"
"244","289","6","2017-01-01","2017-12-31"
"368","716","6","2017-01-01","2017-12-31"
"10313","10373","6","2017-01-01","2017-12-31"
"1696","2759","6","2017-01-01","2017-12-31"
"288","2097","6","2017-01-01","2017-12-31"
"915","1696","6","2017-01-01","2017-12-31"
"11211","12323","6","2017-01-01","2017-12-31"
"5744","5954","6","2017-01-01","2017-12-31"
"928","2867","6","2017-01-01","2017-12-31"
"10373","10389","6","2017-01-01","2017-12-31"
"915","1371","6","2017-01-01","2017-12-31"
"1041","1378","6","2017-01-01","2017-12-31"
"4046","4057","6","2017-01-01","2017-12-31"
"4017","4080","6","2017-01-01","2017-12-31"
"855","10899","6","2017-01-01","2017-12-31"
"1452","1554","6","2017-01-01","2017-12-31"
"660","692","6","2017-01-01","2017-12-31"
"4451","10764","6","2017-01-01","2017-12-31"
"4682","4700","6","2017-01-01","2017-12-31"
"5787","5795","6","2017-01-01","2017-12-31"
"3576","5481","6","2017-01-01","2017-12-31"
"3883","9026","6","2017-01-01","2017-12-31"
"10716","10767","6","2017-01-01","2017-12-31"
"8936","8969","6","2017-01-01","2017-12-31"
"874","5491","6","2017-01-01","2017-12-31"
"2596","3184","6","2017-01-01","2017-12-31"
"1860","10024","6","2017-01-01","2017-12-31"
"391","2596","6","2017-01-01","2017-12-31"
"10356","10384","6","2017-01-01","2017-12-31"
"4010","4046","6","2017-01-01","2017-12-31"
"755","759","6","2017-01-01","2017-12-31"
"7956","10559","6","2017-01-01","2017-12-31"
"174","3187","6","2017-01-01","2017-12-31"
"6001","6096","6","2017-01-01","2017-12-31"
"334","1007","6","2017-01-01","2017-12-31"
"8068","8093","6","2017-01-01","2017-12-31"
"10702","10714","6","2017-01-01","2017-12-31"
"650","684","6","2017-01-01","2017-12-31"
"736","1041","6","2017-01-01","2017-12-31"
"716","759","6","2017-01-01","2017-12-31"
"364","1095","6","2017-01-01","2017-12-31"
"407","2511","6","2017-01-01","2017-12-31"
"281","6441","6","2017-01-01","2017-12-31"
"391","9954","6","2017-01-01","2017-12-31"
"3492","4523","6","2017-01-01","2017-12-31"
"6591","11211","6","2017-01-01","2017-12-31"
"4451","10714","6","2017-01-01","2017-12-31"
"9600","9862","6","2017-01-01","2017-12-31"
"5669","8399","6","2017-01-01","2017-12-31"
"10716","10796","6","2017-01-01","2017-12-31"
"704","716","6","2017-01-01","2017-12-31"
"4969","5443","6","2017-01-01","2017-12-31"
"13731","13781","6","2017-01-01","2017-12-31"
"10576","10644","6","2017-01-01","2017-12-31"
"4707","9441","6","2017-01-01","2017-12-31"
"11817","11876","6","2017-01-01","2017-12-31"
"5238","6515","6","2017-01-01","2017-12-31"
"793","1007","6","2017-01-01","2017-12-31"
"2548","7194","6","2017-01-01","2017-12-31"
"2062","2075","6","2017-01-01","2017-12-31"
"4013","4042","6","2017-01-01","2017-12-31"
"3615","10767","6","2017-01-01","2017-12-31"
"2789","4009","6","2017-01-01","2017-12-31"
"6813","8353","6","2017-01-01","2017-12-31"
"4451","10716","6","2017-01-01","2017-12-31"
"6777","11276","6","2017-01-01","2017-12-31"
"456","10762","6","2017-01-01","2017-12-31"
"5081","9522","6","2017-01-01","2017-12-31"
"5482","7662","6","2017-01-01","2017-12-31"
"248","3104","6","2017-01-01","2017-12-31"
"3576","4990","6","2017-01-01","2017-12-31"
"8017","10267","6","2017-01-01","2017-12-31"
"7679","9659","6","2017-01-01","2017-12-31"
"3153","7810","6","2017-01-01","2017-12-31"
"4412","4990","6","2017-01-01","2017-12-31"
"904","2927","6","2017-01-01","2017-12-31"
"746","764","6","2017-01-01","2017-12-31"
"1966","6777","6","2017-01-01","2017-12-31"
"719","721","6","2017-01-01","2017-12-31"
"497","3187","6","2017-01-01","2017-12-31"
"364","381","6","2017-01-01","2017-12-31"
"2294","3544","6","2017-01-01","2017-12-31"
"4011","4044","6","2017-01-01","2017-12-31"
"1389","10334","6","2017-01-01","2017-12-31"
"6987","10037","6","2017-01-01","2017-12-31"
"8704","9688","6","2017-01-01","2017-12-31"
"4674","6063","6","2017-01-01","2017-12-31"
"8679","10616","6","2017-01-01","2017-12-31"
"928","5423","6","2017-01-01","2017-12-31"
"975","5423","6","2017-01-01","2017-12-31"
"712","795","6","2017-01-01","2017-12-31"
"6017","6077","6","2017-01-01","2017-12-31"
"7506","9704","6","2017-01-01","2017-12-31"
"1884","2294","6","2017-01-01","2017-12-31"
"4373","4395","6","2017-01-01","2017-12-31"
"1662","4523","6","2017-01-01","2017-12-31"
"2529","4852","6","2017-01-01","2017-12-31"
"1371","2717","6","2017-01-01","2017-12-31"
"4674","6039","6","2017-01-01","2017-12-31"
"2035","11513","6","2017-01-01","2017-12-31"
"905","910","6","2017-01-01","2017-12-31"
"716","763","6","2017-01-01","2017-12-31"
"1371","2959","6","2017-01-01","2017-12-31"
"441","625","6","2017-01-01","2017-12-31"
"2964","8810","6","2017-01-01","2017-12-31"
"1677","3590","6","2017-01-01","2017-12-31"
"443","1692","6","2017-01-01","2017-12-31"
"1982","4076","6","2017-01-01","2017-12-31"
"10756","10762","6","2017-01-01","2017-12-31"
"4917","9359","6","2017-01-01","2017-12-31"
"441","7662","6","2017-01-01","2017-12-31"
"701","3405","6","2017-01-01","2017-12-31"
"4249","6707","6","2017-01-01","2017-12-31"
"4552","9410","6","2017-01-01","2017-12-31"
"8965","8995","6","2017-01-01","2017-12-31"
"3361","6777","6","2017-01-01","2017-12-31"
"5101","11211","6","2017-01-01","2017-12-31"
"4451","7898","6","2017-01-01","2017-12-31"
"4025","4066","6","2017-01-01","2017-12-31"
"4044","4066","6","2017-01-01","2017-12-31"
"9601","9634","6","2017-01-01","2017-12-31"
"4170","7747","6","2017-01-01","2017-12-31"
"4056","10661","6","2017-01-01","2017-12-31"
"5757","12244","6","2017-01-01","2017-12-31"
"3735","7685","6","2017-01-01","2017-12-31"
"8529","9355","6","2017-01-01","2017-12-31"
"1218","4514","6","2017-01-01","2017-12-31"
"7727","7780","6","2017-01-01","2017-12-31"
"2717","5443","6","2017-01-01","2017-12-31"
"3741","3760","6","2017-01-01","2017-12-31"
"2645","5978","6","2017-01-01","2017-12-31"
"255","610","6","2017-01-01","2017-12-31"
"4373","5443","6","2017-01-01","2017-12-31"
"2964","11211","6","2017-01-01","2017-12-31"
"4034","4046","6","2017-01-01","2017-12-31"
"4260","4294","6","2017-01-01","2017-12-31"
"9063","11275","6","2017-01-01","2017-12-31"
"625","7662","6","2017-01-01","2017-12-31"
"1413","4200","6","2017-01-01","2017-12-31"
"2068","4552","6","2017-01-01","2017-12-31"
"1208","2886","6","2017-01-01","2017-12-31"
"1063","3967","6","2017-01-01","2017-12-31"
"1014","2699","6","2017-01-01","2017-12-31"
"3278","7662","6","2017-01-01","2017-12-31"
"556","1464","6","2017-01-01","2017-12-31"
"6208","11280","6","2017-01-01","2017-12-31"
"9363","9366","6","2017-01-01","2017-12-31"
"2354","3187","6","2017-01-01","2017-12-31"
"443","2560","6","2017-01-01","2017-12-31"
"6049","6077","6","2017-01-01","2017-12-31"
"3002","3187","6","2017-01-01","2017-12-31"
"1138","9659","6","2017-01-01","2017-12-31"
"928","1371","6","2017-01-01","2017-12-31"
"2446","2465","6","2017-01-01","2017-12-31"
"4066","4080","6","2017-01-01","2017-12-31"
"382","7209","6","2017-01-01","2017-12-31"
"1337","1371","6","2017-01-01","2017-12-31"
"3002","3028","6","2017-01-01","2017-12-31"
"1012","2645","6","2017-01-01","2017-12-31"
"4052","4316","6","2017-01-01","2017-12-31"
"2776","7872","6","2017-01-01","2017-12-31"
"2544","4632","6","2017-01-01","2017-12-31"
"1208","7820","6","2017-01-01","2017-12-31"
"9619","9620","6","2017-01-01","2017-12-31"
"930","1818","6","2017-01-01","2017-12-31"
"376","1073","6","2017-01-01","2017-12-31"
"8363","8775","6","2017-01-01","2017-12-31"
"441","2776","6","2017-01-01","2017-12-31"
"755","761","6","2017-01-01","2017-12-31"
"1464","9063","6","2017-01-01","2017-12-31"
"3677","7507","6","2017-01-01","2017-12-31"
"2728","8557","6","2017-01-01","2017-12-31"
"2492","3173","6","2017-01-01","2017-12-31"
"4217","7579","6","2017-01-01","2017-12-31"
"7505","8158","6","2017-01-01","2017-12-31"
"4275","7520","6","2017-01-01","2017-12-31"
"6522","6548","6","2017-01-01","2017-12-31"
"752","2909","6","2017-01-01","2017-12-31"
"8969","8986","6","2017-01-01","2017-12-31"
"5503","7560","6","2017-01-01","2017-12-31"
"1829","10767","6","2017-01-01","2017-12-31"
"6860","6879","6","2017-01-01","2017-12-31"
"407","1371","6","2017-01-01","2017-12-31"
"4395","4700","6","2017-01-01","2017-12-31"
"441","4468","6","2017-01-01","2017-12-31"
"7406","7484","6","2017-01-01","2017-12-31"
"4990","6049","6","2017-01-01","2017-12-31"
"4080","4339","6","2017-01-01","2017-12-31"
"10702","10716","6","2017-01-01","2017-12-31"
"7727","9252","6","2017-01-01","2017-12-31"
"4713","9421","6","2017-01-01","2017-12-31"
"5443","5481","6","2017-01-01","2017-12-31"
"2201","6113","6","2017-01-01","2017-12-31"
"8128","8684","6","2017-01-01","2017-12-31"
"5491","6096","6","2017-01-01","2017-12-31"
"4034","8983","6","2017-01-01","2017-12-31"
"3735","8353","6","2017-01-01","2017-12-31"
"2354","4774","6","2017-01-01","2017-12-31"
"14011","14060","6","2017-01-01","2017-12-31"
"724","763","6","2017-01-01","2017-12-31"
"11450","13731","6","2017-01-01","2017-12-31"
"5706","5720","6","2017-01-01","2017-12-31"
"3615","4981","6","2017-01-01","2017-12-31"
"1651","4646","6","2017-01-01","2017-12-31"
"1247","1287","6","2017-01-01","2017-12-31"
"8030","10716","6","2017-01-01","2017-12-31"
"4627","6294","6","2017-01-01","2017-12-31"
"368","3491","6","2017-01-01","2017-12-31"
"10714","10719","6","2017-01-01","2017-12-31"
"10548","10576","6","2017-01-01","2017-12-31"
"3021","8596","6","2017-01-01","2017-12-31"
"11593","12516","6","2017-01-01","2017-12-31"
"5421","5495","6","2017-01-01","2017-12-31"
"1677","2625","6","2017-01-01","2017-12-31"
"4827","11225","6","2017-01-01","2017-12-31"
"2531","2600","6","2017-01-01","2017-12-31"
"1064","7579","6","2017-01-01","2017-12-31"
"5416","5423","6","2017-01-01","2017-12-31"
"441","1208","6","2017-01-01","2017-12-31"
"4541","9540","6","2017-01-01","2017-12-31"
"9466","10767","6","2017-01-01","2017-12-31"
"2412","2497","6","2017-01-01","2017-12-31"
"6039","6049","6","2017-01-01","2017-12-31"
"2476","2489","6","2017-01-01","2017-12-31"
"10017","10023","6","2017-01-01","2017-12-31"
"1769","6857","6","2017-01-01","2017-12-31"
"4614","4700","6","2017-01-01","2017-12-31"
"1696","4080","6","2017-01-01","2017-12-31"
"2960","10389","6","2017-01-01","2017-12-31"
"2560","3940","6","2017-01-01","2017-12-31"
"2857","2926","6","2017-01-01","2017-12-31"
"751","771","6","2017-01-01","2017-12-31"
"5198","8979","6","2017-01-01","2017-12-31"
"793","1038","6","2017-01-01","2017-12-31"
"4025","4339","6","2017-01-01","2017-12-31"
"3120","5771","6","2017-01-01","2017-12-31"
"3418","6813","6","2017-01-01","2017-12-31"
"2254","7193","6","2017-01-01","2017-12-31"
"2857","2906","6","2017-01-01","2017-12-31"
"6447","8679","6","2017-01-01","2017-12-31"
"2117","2174","6","2017-01-01","2017-12-31"
"4816","10022","6","2017-01-01","2017-12-31"
"441","8190","6","2017-01-01","2017-12-31"
"1812","10795","6","2017-01-01","2017-12-31"
"8556","9101","6","2017-01-01","2017-12-31"
"4451","5522","6","2017-01-01","2017-12-31"
"2323","9769","6","2017-01-01","2017-12-31"
"1038","1051","6","2017-01-01","2017-12-31"
"1389","2857","6","2017-01-01","2017-12-31"
"1240","4070","6","2017-01-01","2017-12-31"
"1484","4025","6","2017-01-01","2017-12-31"
"4316","5494","6","2017-01-01","2017-12-31"
"366","759","6","2017-01-01","2017-12-31"
"1598","3940","6","2017-01-01","2017-12-31"
"441","2906","6","2017-01-01","2017-12-31"
"10016","10083","6","2017-01-01","2017-12-31"
"6069","6077","6","2017-01-01","2017-12-31"
"3466","9742","6","2017-01-01","2017-12-31"
"4042","4399","6","2017-01-01","2017-12-31"
"2773","4412","6","2017-01-01","2017-12-31"
"10352","10373","6","2017-01-01","2017-12-31"
"1733","5869","6","2017-01-01","2017-12-31"
"2969","4042","6","2017-01-01","2017-12-31"
"733","751","6","2017-01-01","2017-12-31"
"3476","3493","6","2017-01-01","2017-12-31"
"5401","5421","6","2017-01-01","2017-12-31"
"5201","9101","6","2017-01-01","2017-12-31"
"5481","6017","6","2017-01-01","2017-12-31"
"2945","8729","6","2017-01-01","2017-12-31"
"5731","5743","6","2017-01-01","2017-12-31"
"8256","8269","6","2017-01-01","2017-12-31"
"7560","10785","6","2017-01-01","2017-12-31"
"8548","8577","6","2017-01-01","2017-12-31"
"382","392","6","2017-01-01","2017-12-31"
"915","1337","6","2017-01-01","2017-12-31"
"2231","6729","6","2017-01-01","2017-12-31"
"5977","6896","6","2017-01-01","2017-12-31"
"1356","1393","6","2017-01-01","2017-12-31"
"5509","8190","6","2017-01-01","2017-12-31"
"4012","4042","6","2017-01-01","2017-12-31"
"813","8961","6","2017-01-01","2017-12-31"
"3418","4249","6","2017-01-01","2017-12-31"
"2939","8411","6","2017-01-01","2017-12-31"
"1034","3015","6","2017-01-01","2017-12-31"
"4042","4388","6","2017-01-01","2017-12-31"
"724","746","6","2017-01-01","2017-12-31"
"1696","2789","6","2017-01-01","2017-12-31"
"13221","13564","6","2017-01-01","2017-12-31"
"170","813","6","2017-01-01","2017-12-31"
"739","1056","6","2017-01-01","2017-12-31"
"4827","10022","6","2017-01-01","2017-12-31"
"8078","9363","6","2017-01-01","2017-12-31"
"6783","9752","6","2017-01-01","2017-12-31"
"95","1646","6","2017-01-01","2017-12-31"
"2941","4012","6","2017-01-01","2017-12-31"
"780","1033","6","2017-01-01","2017-12-31"
"7082","8353","6","2017-01-01","2017-12-31"
"1576","2674","6","2017-01-01","2017-12-31"
"272","679","6","2017-01-01","2017-12-31"
"3507","3597","6","2017-01-01","2017-12-31"
"398","10389","6","2017-01-01","2017-12-31"
"919","10229","6","2017-01-01","2017-12-31"
"6447","8017","6","2017-01-01","2017-12-31"
"5505","5566","6","2017-01-01","2017-12-31"
"4674","4990","6","2017-01-01","2017-12-31"
"5002","10862","6","2017-01-01","2017-12-31"
"6017","6063","6","2017-01-01","2017-12-31"
"809","873","6","2017-01-01","2017-12-31"
"6535","10196","6","2017-01-01","2017-12-31"
"354","1031","6","2017-01-01","2017-12-31"
"9359","11225","6","2017-01-01","2017-12-31"
"4283","4441","6","2017-01-01","2017-12-31"
"950","997","6","2017-01-01","2017-12-31"
"4316","4339","6","2017-01-01","2017-12-31"
"8110","8127","6","2017-01-01","2017-12-31"
"1646","8289","6","2017-01-01","2017-12-31"
"768","791","6","2017-01-01","2017-12-31"
"4359","6783","6","2017-01-01","2017-12-31"
"915","4016","6","2017-01-01","2017-12-31"
"7685","8289","6","2017-01-01","2017-12-31"
"4611","4696","6","2017-01-01","2017-12-31"
"4066","4339","6","2017-01-01","2017-12-31"
"6016","6017","6","2017-01-01","2017-12-31"
"724","1095","6","2017-01-01","2017-12-31"
"92","7810","6","2017-01-01","2017-12-31"
"7507","8114","6","2017-01-01","2017-12-31"
"4040","4092","6","2017-01-01","2017-12-31"
"1484","5498","6","2017-01-01","2017-12-31"
"5775","5946","6","2017-01-01","2017-12-31"
"8363","10661","6","2017-01-01","2017-12-31"
"755","1095","6","2017-01-01","2017-12-31"
"6052","6447","6","2017-01-01","2017-12-31"
"3862","11126","6","2017-01-01","2017-12-31"
"7243","8007","6","2017-01-01","2017-12-31"
"4593","5467","6","2017-01-01","2017-12-31"
"5009","9600","6","2017-01-01","2017-12-31"
"5482","8190","6","2017-01-01","2017-12-31"
"3356","8048","6","2017-01-01","2017-12-31"
"5734","5954","6","2017-01-01","2017-12-31"
"3819","3872","6","2017-01-01","2017-12-31"
"2468","7846","6","2017-01-01","2017-12-31"
"5212","7099","6","2017-01-01","2017-12-31"
"479","6529","6","2017-01-01","2017-12-31"
"1378","6522","6","2017-01-01","2017-12-31"
"6049","6096","6","2017-01-01","2017-12-31"
"2294","5443","6","2017-01-01","2017-12-31"
"2207","10818","6","2017-01-01","2017-12-31"
"3896","5375","6","2017-01-01","2017-12-31"
"2465","2486","6","2017-01-01","2017-12-31"
"1562","10758","6","2017-01-01","2017-12-31"
"4090","8211","6","2017-01-01","2017-12-31"
"1013","1031","6","2017-01-01","2017-12-31"
"709","791","6","2017-01-01","2017-12-31"
"727","733","6","2017-01-01","2017-12-31"
"17","2857","6","2017-01-01","2017-12-31"
"9723","9789","6","2017-01-01","2017-12-31"
"368","1023","6","2017-01-01","2017-12-31"
"2511","2717","6","2017-01-01","2017-12-31"
"7076","7579","6","2017-01-01","2017-12-31"
"5491","6077","6","2017-01-01","2017-12-31"
"3503","7872","6","2017-01-01","2017-12-31"
"8446","12323","6","2017-01-01","2017-12-31"
"716","740","6","2017-01-01","2017-12-31"
"4009","4012","6","2017-01-01","2017-12-31"
"2201","8562","6","2017-01-01","2017-12-31"
"3104","3162","6","2017-01-01","2017-12-31"
"1053","1056","6","2017-01-01","2017-12-31"
"247","1532","6","2017-01-01","2017-12-31"
"9282","9522","6","2017-01-01","2017-12-31"
"724","1001","6","2017-01-01","2017-12-31"
"8904","8986","6","2017-01-01","2017-12-31"
"4339","4373","6","2017-01-01","2017-12-31"
"264","9357","6","2017-01-01","2017-12-31"
"5093","10310","6","2017-01-01","2017-12-31"
"211","8363","6","2017-01-01","2017-12-31"
"3963","4593","6","2017-01-01","2017-12-31"
"706","709","6","2017-01-01","2017-12-31"
"2717","4395","6","2017-01-01","2017-12-31"
"3919","3947","6","2017-01-01","2017-12-31"
"11803","11817","6","2017-01-01","2017-12-31"
"2596","3861","6","2017-01-01","2017-12-31"
"4243","4296","6","2017-01-01","2017-12-31"
"2728","4671","6","2017-01-01","2017-12-31"
"10037","10083","6","2017-01-01","2017-12-31"
"366","374","6","2017-01-01","2017-12-31"
"356","8446","6","2017-01-01","2017-12-31"
"2165","2182","6","2017-01-01","2017-12-31"
"1436","7476","6","2017-01-01","2017-12-31"
"1020","1437","6","2017-01-01","2017-12-31"
"624","2030","6","2017-01-01","2017-12-31"
"993","1351","6","2017-01-01","2017-12-31"
"10322","10371","6","2017-01-01","2017-12-31"
"760","6293","6","2017-01-01","2017-12-31"
"4025","4353","6","2017-01-01","2017-12-31"
"5440","5481","6","2017-01-01","2017-12-31"
"4011","4012","6","2017-01-01","2017-12-31"
"2588","8057","6","2017-01-01","2017-12-31"
"716","1001","6","2017-01-01","2017-12-31"
"758","3367","6","2017-01-01","2017-12-31"
"1208","4249","6","2017-01-01","2017-12-31"
"11276","11296","6","2017-01-01","2017-12-31"
"950","959","6","2017-01-01","2017-12-31"
"1410","11171","6","2017-01-01","2017-12-31"
"490","2539","6","2017-01-01","2017-12-31"
"915","4373","6","2017-01-01","2017-12-31"
"6447","8363","6","2017-01-01","2017-12-31"
"10212","10954","6","2017-01-01","2017-12-31"
"7866","8190","6","2017-01-01","2017-12-31"
"2776","2783","6","2017-01-01","2017-12-31"
"4945","8851","6","2017-01-01","2017-12-31"
"11450","12600","6","2017-01-01","2017-12-31"
"4011","4053","6","2017-01-01","2017-12-31"
"2857","8190","6","2017-01-01","2017-12-31"
"7748","7794","6","2017-01-01","2017-12-31"
"274","275","6","2017-01-01","2017-12-31"
"9522","10576","6","2017-01-01","2017-12-31"
"6832","6889","6","2017-01-01","2017-12-31"
"3681","3698","6","2017-01-01","2017-12-31"
"2090","3187","6","2017-01-01","2017-12-31"
"3527","4593","6","2017-01-01","2017-12-31"
"1947","1984","6","2017-01-01","2017-12-31"
"4774","10326","6","2017-01-01","2017-12-31"
"5771","5798","6","2017-01-01","2017-12-31"
"733","752","6","2017-01-01","2017-12-31"
"2504","7162","6","2017-01-01","2017-12-31"
"4053","4083","6","2017-01-01","2017-12-31"
"746","752","6","2017-01-01","2017-12-31"
"3447","3479","6","2017-01-01","2017-12-31"
"286","701","6","2017-01-01","2017-12-31"
"1158","2747","6","2017-01-01","2017-12-31"
"141","3554","6","2017-01-01","2017-12-31"
"6548","10394","6","2017-01-01","2017-12-31"
"13657","13668","6","2017-01-01","2017-12-31"
"8961","10346","6","2017-01-01","2017-12-31"
"1240","2437","6","2017-01-01","2017-12-31"
"2478","2500","6","2017-01-01","2017-12-31"
"755","763","6","2017-01-01","2017-12-31"
"247","3477","6","2017-01-01","2017-12-31"
"3837","4846","6","2017-01-01","2017-12-31"
"479","8596","6","2017-01-01","2017-12-31"
"7835","8355","6","2017-01-01","2017-12-31"
"8403","8411","6","2017-01-01","2017-12-31"
"6113","9522","6","2017-01-01","2017-12-31"
"6100","6447","6","2017-01-01","2017-12-31"
"10022","11225","6","2017-01-01","2017-12-31"
"13842","13899","6","2017-01-01","2017-12-31"
"356","7721","6","2017-01-01","2017-12-31"
"2816","2867","6","2017-01-01","2017-12-31"
"368","772","6","2017-01-01","2017-12-31"
"5387","5636","6","2017-01-01","2017-12-31"
"4013","4309","6","2017-01-01","2017-12-31"
"5744","5771","6","2017-01-01","2017-12-31"
"4554","4945","6","2017-01-01","2017-12-31"
"4031","4056","6","2017-01-01","2017-12-31"
"4056","8363","6","2017-01-01","2017-12-31"
"2776","7662","6","2017-01-01","2017-12-31"
"4170","9522","6","2017-01-01","2017-12-31"
"5522","7209","6","2017-01-01","2017-12-31"
"3802","3887","6","2017-01-01","2017-12-31"
"2620","2780","6","2017-01-01","2017-12-31"
"9622","9642","6","2017-01-01","2017-12-31"
"5007","6323","6","2017-01-01","2017-12-31"
"4451","4820","6","2017-01-01","2017-12-31"
"3963","8684","6","2017-01-01","2017-12-31"
"2271","3528","6","2017-01-01","2017-12-31"
"979","1377","6","2017-01-01","2017-12-31"
"2097","9063","6","2017-01-01","2017-12-31"
"4316","4373","6","2017-01-01","2017-12-31"
"1464","3677","6","2017-01-01","2017-12-31"
"629","3106","6","2017-01-01","2017-12-31"
"1849","9066","6","2017-01-01","2017-12-31"
"8936","8986","6","2017-01-01","2017-12-31"
"6809","6898","6","2017-01-01","2017-12-31"
"7662","8158","6","2017-01-01","2017-12-31"
"61","2345","6","2017-01-01","2017-12-31"
"1591","2588","6","2017-01-01","2017-12-31"
"1542","2655","6","2017-01-01","2017-12-31"
"4042","4395","6","2017-01-01","2017-12-31"
"940","993","6","2017-01-01","2017-12-31"
"975","4053","6","2017-01-01","2017-12-31"
"975","4316","6","2017-01-01","2017-12-31"
"8871","12298","6","2017-01-01","2017-12-31"
"11853","11885","6","2017-01-01","2017-12-31"
"8979","8986","6","2017-01-01","2017-12-31"
"4712","4774","6","2017-01-01","2017-12-31"
"2273","2963","6","2017-01-01","2017-12-31"
"10716","10719","6","2017-01-01","2017-12-31"
"690","3117","6","2017-01-01","2017-12-31"
"4009","4011","6","2017-01-01","2017-12-31"
"366","751","6","2017-01-01","2017-12-31"
"8045","8590","6","2017-01-01","2017-12-31"
"4010","10017","6","2017-01-01","2017-12-31"
"2509","4903","6","2017-01-01","2017-12-31"
"407","2511","6","2017-01-01","2017-12-31"
"9282","10833","6","2017-01-01","2017-12-31"
"2504","4541","6","2017-01-01","2017-12-31"
"248","293","6","2017-01-01","2017-12-31"
"8006","8036","6","2017-01-01","2017-12-31"
"1449","7693","6","2017-01-01","2017-12-31"
"2959","4388","6","2017-01-01","2017-12-31"
"1928","1998","6","2017-01-01","2017-12-31"
"4353","4373","6","2017-01-01","2017-12-31"
"3367","6447","6","2017-01-01","2017-12-31"
"2345","2354","6","2017-01-01","2017-12-31"
"1635","5482","6","2017-01-01","2017-12-31"
"9901","9928","6","2017-01-01","2017-12-31"
"10989","11600","6","2017-01-01","2017-12-31"
"1715","4820","6","2017-01-01","2017-12-31"
"1692","2560","6","2017-01-01","2017-12-31"
"1343","2097","6","2017-01-01","2017-12-31"
"11046","11074","6","2017-01-01","2017-12-31"
"1013","1053","6","2017-01-01","2017-12-31"
"4854","12841","6","2017-01-01","2017-12-31"
"6001","6017","6","2017-01-01","2017-12-31"
"4249","7605","6","2017-01-01","2017-12-31"
"1865","1884","6","2017-01-01","2017-12-31"
"5456","5491","6","2017-01-01","2017-12-31"
"3286","6805","6","2017-01-01","2017-12-31"
"6084","8961","6","2017-01-01","2017-12-31"
"915","4309","6","2017-01-01","2017-12-31"
"5116","10460","6","2017-01-01","2017-12-31"
"915","1464","6","2017-01-01","2017-12-31"
"7593","9077","6","2017-01-01","2017-12-31"
"756","7508","6","2017-01-01","2017-12-31"
"6121","6177","6","2017-01-01","2017-12-31"
"1388","7118","6","2017-01-01","2017-12-31"
"9950","9988","6","2017-01-01","2017-12-31"
"486","3249","6","2017-01-01","2017-12-31"
"610","684","6","2017-01-01","2017-12-31"
"5727","5792","6","2017-01-01","2017-12-31"
"950","2993","6","2017-01-01","2017-12-31"
"9363","10046","6","2017-01-01","2017-12-31"
"2581","4650","6","2017-01-01","2017-12-31"
"5795","8461","6","2017-01-01","2017-12-31"
"6017","6809","6","2017-01-01","2017-12-31"
"4674","6016","6","2017-01-01","2017-12-31"
"3650","6931","6","2017-01-01","2017-12-31"
"915","4353","6","2017-01-01","2017-12-31"
"4044","4083","6","2017-01-01","2017-12-31"
"5706","5798","6","2017-01-01","2017-12-31"
"7662","7820","6","2017-01-01","2017-12-31"
"368","739","6","2017-01-01","2017-12-31"
"2221","3536","6","2017-01-01","2017-12-31"
"1138","10037","6","2017-01-01","2017-12-31"
"4646","4945","6","2017-01-01","2017-12-31"
"1200","13637","6","2017-01-01","2017-12-31"
"11817","11880","6","2017-01-01","2017-12-31"
"915","1818","6","2017-01-01","2017-12-31"
"2522","2545","6","2017-01-01","2017-12-31"
"2411","2465","6","2017-01-01","2017-12-31"
"441","1646","6","2017-01-01","2017-12-31"
"5819","6242","6","2017-01-01","2017-12-31"
"441","7685","6","2017-01-01","2017-12-31"
"3104","3180","6","2017-01-01","2017-12-31"
"248","3123","6","2017-01-01","2017-12-31"
"6584","8257","6","2017-01-01","2017-12-31"
"1481","2709","6","2017-01-01","2017-12-31"
"1371","1484","6","2017-01-01","2017-12-31"
"1337","2941","6","2017-01-01","2017-12-31"
"2906","5482","6","2017-01-01","2017-12-31"
"391","11649","6","2017-01-01","2017-12-31"
"4917","5748","6","2017-01-01","2017-12-31"
"23","9988","6","2017-01-01","2017-12-31"
"8591","8803","6","2017-01-01","2017-12-31"
"3420","8704","6","2017-01-01","2017-12-31"
"2717","4316","6","2017-01-01","2017-12-31"
"4017","4399","6","2017-01-01","2017-12-31"
"1342","4092","6","2017-01-01","2017-12-31"
"9991","10458","6","2017-01-01","2017-12-31"
"755","771","6","2017-01-01","2017-12-31"
"4083","4316","6","2017-01-01","2017-12-31"
"3571","3578","6","2017-01-01","2017-12-31"
"1865","2294","6","2017-01-01","2017-12-31"
"2482","2973","6","2017-01-01","2017-12-31"
"167","7162","6","2017-01-01","2017-12-31"
"1475","9522","6","2017-01-01","2017-12-31"
"290","602","6","2017-01-01","2017-12-31"
"1452","2035","6","2017-01-01","2017-12-31"
"749","795","6","2017-01-01","2017-12-31"
"191","6729","6","2017-01-01","2017-12-31"
"6824","6848","6","2017-01-01","2017-12-31"
"3880","13731","6","2017-01-01","2017-12-31"
"95","441","6","2017-01-01","2017-12-31"
"4614","4674","6","2017-01-01","2017-12-31"
"6823","10862","6","2017-01-01","2017-12-31"
"1321","7636","6","2017-01-01","2017-12-31"
"5423","8353","6","2017-01-01","2017-12-31"
"9704","9793","6","2017-01-01","2017-12-31"
"2244","2278","6","2017-01-01","2017-12-31"
"92","9069","6","2017-01-01","2017-12-31"
"733","739","6","2017-01-01","2017-12-31"
"2573","3104","6","2017-01-01","2017-12-31"
"8596","8679","6","2017-01-01","2017-12-31"
"5769","5771","6","2017-01-01","2017-12-31"
"930","1482","6","2017-01-01","2017-12-31"
"10016","10023","6","2017-01-01","2017-12-31"
"9009","9019","6","2017-01-01","2017-12-31"
"3513","8529","6","2017-01-01","2017-12-31"
"10767","11593","6","2017-01-01","2017-12-31"
"1966","10716","6","2017-01-01","2017-12-31"
"4395","5490","6","2017-01-01","2017-12-31"
"684","3123","6","2017-01-01","2017-12-31"
"5330","7560","6","2017-01-01","2017-12-31"
"9659","10016","6","2017-01-01","2017-12-31"
"5720","5761","6","2017-01-01","2017-12-31"
"7662","7866","6","2017-01-01","2017-12-31"
"7605","7662","6","2017-01-01","2017-12-31"
"5766","5787","6","2017-01-01","2017-12-31"
"915","2941","6","2017-01-01","2017-12-31"
"4042","4316","6","2017-01-01","2017-12-31"
"930","2939","6","2017-01-01","2017-12-31"
"3446","3447","6","2017-01-01","2017-12-31"
"368","1001","6","2017-01-01","2017-12-31"
"299","3123","6","2017-01-01","2017-12-31"
"659","677","6","2017-01-01","2017-12-31"
"191","4820","6","2017-01-01","2017-12-31"
"979","1351","6","2017-01-01","2017-12-31"
"6447","10576","6","2017-01-01","2017-12-31"
"7816","7892","6","2017-01-01","2017-12-31"
"4309","4399","6","2017-01-01","2017-12-31"
"10244","13163","6","2017-01-01","2017-12-31"
"4316","5500","6","2017-01-01","2017-12-31"
"11101","11198","6","2017-01-01","2017-12-31"
"9069","9098","6","2017-01-01","2017-12-31"
"5440","5494","6","2017-01-01","2017-12-31"
"6001","6016","6","2017-01-01","2017-12-31"
"772","1095","6","2017-01-01","2017-12-31"
"3503","4249","6","2017-01-01","2017-12-31"
"739","752","6","2017-01-01","2017-12-31"
"4200","7859","6","2017-01-01","2017-12-31"
"1678","2097","6","2017-01-01","2017-12-31"
"2068","3802","6","2017-01-01","2017-12-31"
"3920","3937","6","2017-01-01","2017-12-31"
"187","2272","6","2017-01-01","2017-12-31"
"5966","6827","6","2017-01-01","2017-12-31"
"6408","6469","6","2017-01-01","2017-12-31"
"2922","2927","6","2017-01-01","2017-12-31"
"2294","4674","6","2017-01-01","2017-12-31"
"4044","4080","6","2017-01-01","2017-12-31"
"3503","7662","6","2017-01-01","2017-12-31"
"6927","6956","6","2017-01-01","2017-12-31"
"3589","9258","6","2017-01-01","2017-12-31"
"378","758","6","2017-01-01","2017-12-31"
"772","1023","6","2017-01-01","2017-12-31"
"3078","9271","6","2017-01-01","2017-12-31"
"3021","8584","6","2017-01-01","2017-12-31"
"4309","4353","6","2017-01-01","2017-12-31"
"5116","7191","6","2017-01-01","2017-12-31"
"4364","6053","6","2017-01-01","2017-12-31"
"8007","8093","6","2017-01-01","2017-12-31"
"5411","7872","6","2017-01-01","2017-12-31"
"716","761","6","2017-01-01","2017-12-31"
"1860","4827","6","2017-01-01","2017-12-31"
"739","751","6","2017-01-01","2017-12-31"
"2790","5711","6","2017-01-01","2017-12-31"
"3093","8353","6","2017-01-01","2017-12-31"
"5432","5499","6","2017-01-01","2017-12-31"
"4200","10243","6","2017-01-01","2017-12-31"
"2959","4395","6","2017-01-01","2017-12-31"
"2504","5560","6","2017-01-01","2017-12-31"
"10439","10454","6","2017-01-01","2017-12-31"
"6084","8024","6","2017-01-01","2017-12-31"
"5540","5548","6","2017-01-01","2017-12-31"
"1337","1464","6","2017-01-01","2017-12-31"
"286","292","6","2017-01-01","2017-12-31"
"915","2717","6","2017-01-01","2017-12-31"
"4451","10785","6","2017-01-01","2017-12-31"
"42","13249","6","2017-01-01","2017-12-31"
"1068","1075","6","2017-01-01","2017-12-31"
"928","4025","6","2017-01-01","2017-12-31"
"10203","10234","6","2017-01-01","2017-12-31"
"5592","6752","6","2017-01-01","2017-12-31"
"5411","7866","6","2017-01-01","2017-12-31"
"8073","8089","6","2017-01-01","2017-12-31"
"1046","1651","6","2017-01-01","2017-12-31"
"5706","5761","6","2017-01-01","2017-12-31"
"7099","7114","6","2017-01-01","2017-12-31"
"622","1089","6","2017-01-01","2017-12-31"
"350","8988","6","2017-01-01","2017-12-31"
"1033","10767","6","2017-01-01","2017-12-31"
"760","772","6","2017-01-01","2017-12-31"
"8446","13564","6","2017-01-01","2017-12-31"
"3670","5467","6","2017-01-01","2017-12-31"
